{
    "uvs":[],
    "influencesPerVertex":2,
    "normals":[3.48568e-05,3.84849e-05,-1,-9.82722e-07,1,-1.19745e-06,-0.000666544,0.999994,-0.00348908,0.000444783,1,4.0854e-05,0.000447832,1,0.000135849,0.000444711,1,0.000192351,0.000455484,1,0.000243462,0.000470517,1,0.000386142,-0.000288688,3.84516e-05,-1,-2.2232e-07,-1,-9.08019e-08,-1.22645e-07,-1,-2.09546e-07,-1.30844e-07,-1,-1.59437e-07,3.38004e-07,-1,-1.93543e-06,-1.78916e-07,-1,-5.42735e-08,-1.38648e-07,-1,-1.13784e-07,1.13858e-08,-1,-8.55816e-07,-9.8272e-07,1,-1.19745e-06,-5.69745e-07,1,-1.06592e-06,2.57122e-07,1,-6.39873e-07,-0,1,0,0,1,0,2.16519e-06,1,-7.18039e-07,-4.18043e-08,1,-4.24447e-07,1.68752e-06,1,-2.6258e-06,-1.49175e-06,1,1.22425e-06,4.54693e-08,1,-4.61655e-07,1.65353e-07,1,-5.45095e-07,-1.51204e-06,1,1.24701e-06,4.06508e-07,1,-7.60526e-07,1.6234e-06,1,-1.9781e-06,-0.000427087,0.94387,0.330316,0.0682657,0.997667,-0.000216988,0.0857885,0.995536,-0.039337,-0.502576,0.0613051,-0.862357,0.0896709,0.995129,-0.0409463,0.0864727,0.995416,-0.0408661,0.0864701,0.995416,-0.0408668,0.0864709,0.995416,-0.0408655,0.0864679,0.995416,-0.0408663,0.0864714,0.995416,-0.0408657,0.0864707,0.995416,-0.0408658,0.0864708,0.995416,-0.0408659,0.0864702,0.995416,-0.0408662,2.62898e-07,-1,-2.97898e-06,-5.56228e-07,-1,1.6873e-07,-1.00095e-07,-1,3.29967e-07,-1.56181e-07,-1,2.92194e-07,-4.73698e-07,-1,1.32443e-08,-3.40302e-06,-1,9.51461e-08,-2.19352e-07,-1,2.67281e-07,-3.05962e-07,-1,2.51095e-07,-0.00558321,0.987485,0.157612,0.995185,7.43416e-08,-0.0980153,-1.4195e-07,-0.944291,0.329111,-1.96546e-07,-1,-2.3949e-07,-8.57076e-08,-1,-5.48462e-07,-3.27046e-07,-1,-9.52156e-07,-7.0186e-07,-1,2.12905e-07,-1.1395e-07,-1,-2.13185e-07,-8.88903e-07,-1,-3.11761e-07,-1.69337e-08,-1,-8.52851e-07,-2.23759e-06,-1,1.83634e-06,-4.18045e-08,-1,-4.24447e-07,4.54693e-08,-1,-4.61655e-07,-6.14692e-07,-1,1.57204e-08,3.24668e-06,-1,-3.95608e-06,1.65353e-07,-1,-5.45094e-07,-2.8926e-06,-1,2.18665e-06,4.71391e-07,5.25921e-08,1,-3.50834e-07,-4.37114e-08,-1,-1,2.80492e-07,3.65641e-07,0.508872,-2.72516e-05,0.860842,-0.74319,1.95632e-07,0.669081,2.63388e-07,4.41261e-08,1,0.958925,7.20097e-08,-0.283658,0.953652,6.02076e-05,-0.300913,0.95694,0.000221959,-0.290285,0.0921412,-2.97548e-05,0.995746,0.471303,-0.00015721,-0.881971,0.634003,-0.000169629,-0.77333,1,0.000108042,0.000311612,0.772373,-0.000124459,-0.635169,0.881198,-1.45934e-05,-0.472747,-2.97273e-07,-4.37114e-08,-1,0.0981913,-4.35845e-05,-0.995167,0.290287,-6.04085e-05,-0.95694,0.290539,-0.000112294,-0.956863,0.290287,-9.98644e-05,-0.95694,-0.098011,-5.80923e-07,-0.995185,-0.995185,-7.41998e-08,-0.0980166,-0.00535233,0.986915,0.161155,5.78712e-07,0.988537,0.150981,0.00292478,0.988703,0.149859,0.0011556,0.98854,0.150955,0.00139083,0.988579,0.150695,0.00212876,0.988652,0.150211,0.00168865,0.988614,0.150462,-1.48553e-07,-1,4.28156e-07,-0.29061,-7.05275e-06,-0.956842,0.0781624,-0.985725,0.149123,0.0963914,-0.991155,0.0912209,0.0856189,-0.993075,0.0804443,0.0781926,-0.985725,0.149106,0.0781616,-0.985725,0.149124,0.0950906,-0.991116,0.0929869,0.0781632,-0.985725,0.149122,0.0781628,-0.985725,0.149123,0.0781626,-0.985725,0.149123,0.0781632,-0.985725,0.149121,0.0781626,-0.985725,0.149123,-0.95694,3.44046e-06,-0.290285,-0.95694,-8.0836e-08,-0.290285,-0.95694,-7.96188e-08,-0.290285,-0.634393,-8.86482e-08,-0.773011,-0.773012,-8.43966e-08,-0.634391,-0.471397,-8.25394e-08,-0.881921,-0.430182,-4.12639e-05,-0.902742,-0.470833,-3.07102e-05,-0.882222,-0.88192,-8.17995e-08,-0.471399,-0.995185,-4.22055e-09,-0.0980166,-0.95694,-1.30997e-08,-0.290285,-0.88192,-2.09594e-08,-0.471398,-0.773012,-1.33617e-07,-0.634391,-0.634384,-2.05043e-07,-0.773018,-0.634395,-1.16074e-07,-0.773009,-0.634394,-4.01723e-08,-0.77301,-0.471396,-1.30123e-07,-0.881921,-0.290284,-9.43175e-08,-0.956941,-0.0980172,-5.74203e-08,-0.995185,0.0980177,-3.86441e-08,-0.995185,0.290285,-9.60642e-09,-0.95694,0.471396,5.23986e-08,-0.881921,0.634395,9.34444e-08,-0.773009,0.77301,1.3187e-07,-0.634393,0.881921,1.65056e-07,-0.471397,0.956941,1.2139e-07,-0.290282,0.995185,6.54192e-08,-0.0980157],
    "vertices":[-2.50172,0.85,1.84146e-07,-0.62535,0.849166,0.000131055,-0.625,-0.85,1.76421e-07,-2.50172,-0.849999,2.58455e-07,-2.634,0.850001,0.27918,-2.78509,0.850001,0.652056,-0.354914,0.851621,0.652035,-2.50769,0.850001,0.060552,-2.53045,0.850001,0.135589,-2.56741,0.850001,0.204744,-2.61716,0.850001,0.265359,-0.398278,0.85,9.22016e-08,-0.398278,-0.85,1.66511e-07,-0.355112,-0.85,0.652056,-2.78509,-0.85,0.652056,-2.634,-0.85,0.279181,-2.61716,-0.85,0.265359,-2.56741,-0.85,0.204744,-2.53045,-0.85,0.135589,-2.50769,-0.85,0.0605521,-2.67777,0.850001,0.315104,-2.74693,0.850001,0.352068,-2.82196,0.850001,0.37483,-2.9,0.850001,0.382516,-2.97804,0.850001,0.37483,-3.05307,0.850001,0.352068,-3.12223,0.850001,0.315104,-3.18284,0.850001,0.265358,-3.23259,0.850001,0.204744,-3.26955,0.850001,0.135589,-3.29231,0.850001,0.0605517,-3.29828,0.850001,4.98832e-07,-3.48053,0.850001,5.62772e-07,-3.48053,0.850001,0.652056,-2.33405,0.67539,1.15305,-1.20255,0.675389,1.15305,-0.221775,0.826221,0.315057,-0.392314,-0.85,0.0605518,-0.377009,0.832197,0.112294,-0.392314,0.84084,0.0605517,-0.222228,-0.85,0.315104,-1.20255,-0.675389,1.15305,-2.33405,-0.675389,1.15305,-3.48053,-0.85,0.652056,-3.48053,-0.849999,6.37082e-07,-3.29828,-0.849999,5.73142e-07,-3.29231,-0.849999,0.0605518,-3.26955,-0.849999,0.135589,-3.23259,-0.849999,0.204744,-3.18284,-0.849999,0.265359,-3.12223,-0.849999,0.315104,-3.05307,-0.85,0.352068,-2.97804,-0.85,0.37483,-2.9,-0.85,0.382516,-2.82196,-0.85,0.37483,-2.74693,-0.85,0.352068,-2.67777,-0.85,0.315104,-0.152592,0.821728,0.352018,-0.282499,0.829454,0.265323,-0.369552,-0.85,0.135589,-0.369655,0.831699,0.1356,-0.153074,-0.85,0.352068,-0.282843,-0.85,0.265359,0.619027,-0.765,0.561864,0.618678,0.764165,0.561995,-0.0776092,0.816149,0.374786,-0.332432,0.831304,0.204728,-0.332588,-0.85,0.204744,-0.0894744,-0.85,0.37136,0.000291164,0.809698,0.382486,-1.66536e-07,-0.841218,0.382516,0.619028,0.85,-2.32134e-07,0.619027,-0.85,-1.57824e-07,-0.0780363,-0.848568,0.37483,0.0781157,0.802623,0.374822,0.0780359,-0.836193,0.37483,0.398278,0.85,-1.66511e-07,0.398278,-0.85,-9.22016e-08,0.282843,0.809856,0.265359,0.282843,-0.836514,0.265359,0.152874,0.795196,0.352088,0.153073,-0.833686,0.352068,0.392314,0.840839,0.060552,0.392314,-0.85,0.0605521,0.371293,-0.85,0.12985,0.222228,0.80233,0.315104,0.332587,0.819026,0.204744,0.222228,-0.833795,0.315104,0.332588,-0.841739,0.204744,0.153384,0.795957,0.351845,0.369552,0.829488,0.135589,0.369552,-0.84927,0.135589],
    "metadata":{
        "generator":"io_three",
        "uvs":0,
        "normals":137,
        "type":"Geometry",
        "vertices":92,
        "materials":1,
        "version":3,
        "faces":138
    },
    "materials":[{
        "doubleSided":false,
        "depthWrite":true,
        "transparent":false,
        "opacity":1,
        "depthTest":true,
        "wireframe":false,
        "DbgColor":15658734,
        "visible":true,
        "colorDiffuse":[0.64,0.64,0.64],
        "DbgName":"Material",
        "DbgIndex":0,
        "shading":"phong",
        "blending":"NormalBlending",
        "colorSpecular":[0.5,0.5,0.5],
        "colorEmissive":[0,0,0],
        "specularCoef":50
    }],
    "skinIndices":[],